id_guide,name_desp,dir_derp,name_rec,dir_rec,date,heigth,precio,city_desp,city_rec,consecutivo,n1,n2,n3,n4
77645,Francis Alvarez,"3252 Nec, Calle",Mona Velez,4344 Urna Avda.,11/04/2013,7865B8B9-BE2B-F015-FE1E-C08BBF4D7D40,4B3611B1-46A1-464E-AAB8-FF2778559445,Fairbanks,Reading,1,95E15C39-2E43-9029-D4C5-E85DA84D8066,2B3C0596-6E91-C4F9-D4A0-B0EFF057DE89,094545B6-EDAF-A189-E83C-B6DCA2EE428E,6C7E18E6-D4D2-65B8-6799-DE0A49DAEDFA
91434,Nathaniel Maynard,Apdo.:830-6752 In Avda.,Kathleen Sanders,Apdo.:570-4981 Curae; Avda.,03/26/2013,06E35D4B-75D7-6B41-9EF8-3B37E164E07B,A3624A15-BC4D-6DEA-72CE-7A14A07716E3,Kurnool,Schwaz,2,0E2E3158-35CE-549B-6DBC-629711BCD565,3C153E0D-12E4-7E7E-FEE5-2A4CBF781099,07A4AF7A-F8C8-FA3A-207D-AF77937433B4,426A9470-3B91-75EA-6282-0C7C27315AA6
20241,David Daugherty,4346 At Avenida,Mira Meyer,837-9374 Quis C/,06/26/2014,ECA5D5F0-BF1B-AFBB-90A6-01309969AA48,81551549-0780-805E-0BE0-B88AA23D1B61,Zedelgem,Helena,3,7D481044-1D64-5C67-8C4F-96A1FABA8971,81FC174A-8B15-419E-6AF8-789E51E77591,84FA8A5D-F24B-FB46-E887-7F238164D50A,7D48A47B-F462-A534-991B-A8C8F6F6DD7A
71293,Orson Benjamin,Apdo.:938-2418 Varius Calle,Madaline Velasquez,481-3364 Nibh Av.,11/22/2014,ED7BAB93-811B-A25B-AA31-24491EEA14C3,D7DA2635-033B-3533-C3A9-129D7F5896D2,Sioux City,João Pessoa,4,A10BBDD3-9908-59C2-FE20-4B1EFA550724,41D329B6-AE68-33D4-B8C4-87734D28205D,5B071D15-0059-1551-8620-36440F82C9AA,E0DF3795-917C-A256-FAF0-1F7A31FD7E75
94411,Amery Fuentes,499-9590 Morbi Carretera,Emerald Mcdaniel,"Apartado núm.: 652, 6702 Eu, Carretera",03/27/2014,C2CC381C-54A7-445E-AAC4-44A97D50F6BF,DA3A6B80-CFC0-4FE1-690C-C23095C13460,Gojra,Olathe,5,FE0F6108-DC23-AF8B-C0FC-CDEF864FCDEF,9525221B-45DB-F8E7-C36D-30B750539265,2A7D3145-0512-075F-05B8-F7ADA2E5B32F,90142195-7468-A436-B1FC-419FEB6C7CAF
36449,Nathan Marquez,8762 Eu ,Cassandra Bradley,Apdo.:589-5689 Leo. Avenida,03/30/2015,54482824-BE58-AF91-0810-9560867296B6,F11D1507-7A9E-E0B3-3BAD-2B6CFB2093B1,Sint-Martens-Bodegem,Rijkevorsel,6,DFC6B4E9-AC7E-2461-316E-B0E7AF4D00CF,0A4107E4-F262-B7A8-C81A-44BE09683376,1EEB7F35-8BE9-2657-8782-BFBA45D3A6E6,BAF6504F-A191-CC37-D05A-7435F1BCB353
17366,Murphy Booth,8575 Velit C/,September Hobbs,832-9754 Euismod Av.,05/03/2014,D7B63A81-9A9F-FB1C-714A-1D6D4D611B5E,4D5E6A50-8100-142F-1595-C0488AE7C2FD,Sch�nebeck,Te Awamutu,7,9FF63FF4-F334-507E-E9E3-48509AAF6026,36AFA327-BA0B-6091-B64F-5F41DD2ACAD2,1D867570-13AE-7FE1-EF8F-2BC6E5BCB614,A70FD6DD-DB44-86AC-EDB5-200AF1931D34
86852,Nicholas Pate,740-6367 Eleifend Calle,Jemima Bray,"4856 A, Calle",03/28/2013,7DA57A13-082C-6545-2CE4-B018268ADF81,2595B443-69FB-3C56-D334-5A91D0D7895A,Delmenhorst,Oevel,8,CE4A2B7D-AC5B-5E1F-6987-578EC531960F,F97AA287-0561-2809-E472-16A74FCDCBF0,E9DAB64D-4928-9552-144E-5D54CB6DCC73,F8F59BA3-1511-D9E6-AB79-8EDFBBDF049A
68540,Keane Heath,"Apartado núm.: 169, 623 Nunc Avenida",Shana Moss,"Apartado núm.: 384, 4028 Ultricies C.",01/19/2014,7437F6AF-0E9F-4BF9-351B-0DF99142EC4F,2AFD4CC7-88C0-5055-DCD8-6A89D6938E49,Spiere-Helkijn,Perk,9,AA238AC1-8D18-2B3C-F6C8-3DE5C3265AD6,55091272-39F2-499D-DC3D-86D21110565C,581C8E40-AF2E-D93D-DA0B-50B86A7AB315,AD4ABD9A-FB01-2493-7A17-17044E863AAF
30301,Slade Dorsey,2290 Libero. ,Lacy Ochoa,"Apartado núm.: 996, 6686 Mauris Avenida",06/10/2014,6888856B-C405-2FB0-9AE1-F7E9E12BA7B4,4A9EF410-E682-2F2C-649D-79AFFF45CCD9,Bojano,Castelbaldo,10,90589A31-1399-04BC-DA68-EAC9C57B0763,09089DD1-6298-7EC4-5DB5-091F5E5FCCF2,08B2F076-E036-A87C-0EC1-39F733A52F4A,E340DCC7-61CE-7EDC-7C3F-C2CCD2DF8527
59196,Lewis Stanton,8553 Cras Carretera,Amaya Hobbs,Apdo.:631-4879 Mi C.,06/13/2014,55311534-8DD3-845E-3016-AEF5E6EFF4CA,9CF8C252-7A4F-8F28-253D-F3B168CF359A,Graven Grez-Doiceau,Corbais,11,A9DCE2C4-6AEE-8AC9-6ED4-CB7EC4A006CF,5B63412A-7531-C00F-B242-16230B952A36,0B0CB010-7D64-8569-93C3-689DB87178CC,7DC7C6C5-3247-C5A7-D605-0AE35CCA770A
55277,Reece Allen,"Apartado núm.: 625, 2898 Felis, Avda.",Ann Oneil,"Apartado núm.: 868, 6709 Vestibulum, C/",06/17/2014,7FDDAA6B-381C-67F1-24BB-109CFF9295A1,E39E14CA-B242-3ECD-E15D-4959F95DA7D4,North Saanich,Dunoon,12,1DD1829E-258C-96E4-B0EA-7F3346F629AC,FA0F98CB-B720-4260-373B-39010B582894,7C26B68A-4331-AC21-E436-07393A6DC71C,F666788A-5516-09AA-1F31-398AAA0F2433
8401,Barrett William,"9707 Ac, Avenida",Jane Ewing,Apdo.:824-8834 Mauris. Av.,12/15/2014,9968A078-37EF-F03F-33B4-66DAFA204BB5,D4572F0E-183E-8EEB-76FB-1721E190D060,Delitzsch,Tione di Trento,13,28DB7C52-26D9-992F-3F6B-43F732743737,879EB47F-106A-4B78-B5DE-5BABC5D54317,DFAAD429-F944-1AF4-88D8-E755E5C48932,D42A808B-CEBC-3C57-AA5A-948F0739CF0D
82937,Merritt Rivers,"Apartado núm.: 901, 8057 Semper C.",Ruth Yates,"Apartado núm.: 229, 3339 Vivamus Calle",05/09/2013,0D3BD747-DF3B-0120-9F51-CC195C30DB9F,B56F55FC-D680-CCE1-9822-F993864FB5BE,Trento,Telford,14,978E61C8-E4BB-DC13-7081-890A4405450C,6078030A-026F-AC48-1A0A-AD73D99BEA77,52B7A433-8DAC-D767-46F6-B807B0FC1415,415B0CD7-6C38-C138-C451-DDC6522C7174
5150,Jerry Larson,711-2216 Dignissim Av.,Hope Small,"964 Pede, Ctra.",02/09/2014,9A51A30B-2952-02BF-1D93-F775066EDAAD,61813E15-5A87-2918-1673-AEC74EC2C5B5,Feira de Santana,Aylmer,15,B1D15BC6-11AA-B279-BBD1-91A9A8288232,119B354B-CBC6-61AB-2B86-2FBA8A1FFF99,B4EDF3A3-EF41-ABEA-E356-A67E2BEC6D25,AE9600AF-7DEB-CA65-C0DE-D1207918BF30
57421,Carl Delaney,Apdo.:123-1795 Fringilla Avda.,Donna Russo,Apdo.:920-4830 Pellentesque Av.,03/03/2013,DD6585E1-98DF-0433-7B2C-CC4EBF10EA7C,E075B727-DC3B-2C1F-9654-DB49F56651A5,Southwell,Morolo,16,9F38EA0C-0DB2-3771-96DD-D3E2E191CE0F,4A50E2DE-4391-7131-98D8-C95E4C6BCEB5,098E2FEC-A774-CBBE-59AB-3DB37BDF3ECF,E89FA9CB-5433-178D-B7FC-07DBE1648524
52533,Orlando Villarreal,744-3529 Pharetra. C.,Lacota Medina,Apdo.:239-8185 Malesuada Calle,01/16/2014,31CF0805-E0AF-1A49-0CD5-5E86AF9672B9,50B22D47-CB7D-42B2-EC43-B9400CA9C3A2,Portland,San Nicolás,17,EA39D8F5-1863-28E9-D70D-2C60E5594F6F,0BA6FDAE-DF4E-B27D-09CC-384314AACEE5,FE05C269-4AA6-DF7A-BEAA-C32B71CB8A45,F6EE2AF4-21DF-8769-AC05-9629ACC0FCB5
1844,Norman Mcdaniel,"Apartado núm.: 131, 7801 Sociosqu Avenida",Evelyn Drake,Apdo.:124-1939 Malesuada ,10/23/2013,CF025242-7885-1A51-930E-A88471C3B264,B42FC1FD-1B47-BEB0-14F7-E2E36C64B2C1,Welland,Balurghat,18,17936CBC-0337-6D7A-4FCA-2F2F231B3010,81048D68-1C81-7998-C3ED-D5AAD6B40F7A,07B58CA9-9725-D830-C61B-E08AC6000AED,4EC7107B-4797-2B20-329E-922CEBCACA27
53100,Simon Buckner,Apdo.:226-3846 Velit Ctra.,Camille Walters,1704 Cursus Avda.,04/12/2013,EAEBC59B-59C2-30B3-7E60-8DC7877C4B85,EE0829FA-D369-5567-55C2-C556DDDFACC9,Lakewood,Ururi,19,BB6BD414-5FA0-7EA3-A8C9-D635DAE748EA,0DA53A0C-9500-6BE1-6EA6-BBF58030B965,87F74479-1569-F891-CB76-962AB59B584E,53543AFE-2E3C-B160-0E41-BD3DF358D793
97129,Garrett Velasquez,"Apartado núm.: 532, 7753 Purus C.",May Cannon,"Apartado núm.: 316, 1873 Tristique Av.",02/17/2015,ACD364D8-6800-E850-A997-51711E034ADC,FF6696B0-88A7-1065-6B63-79F4B4E49258,Builth Wells,Gatineau,20,7757F0AA-4B1D-4BD6-462B-2C77B735622F,8C9C8057-1448-EBD4-2CC5-EC469CDC4136,1E72DBE8-9849-03C9-CD42-3B106C81930B,7491B35C-3392-BBAC-E239-07E873F4CFD9
53620,Chancellor Love,"Apartado núm.: 588, 9210 Neque Calle",Gail Patel,"Apartado núm.: 711, 6918 Gravida Avda.",01/29/2014,8B416A8F-F025-3612-7204-54446C6FDA8E,BAE21AF4-FF2F-B3F6-DADA-CCC650AC103A,Lakeland County,Pincher Creek,21,CFBE34D9-0120-5F89-B151-842008487313,3C2EED2E-7D10-8885-2CC5-B129F9ACC8E7,EC9DE836-601C-5D56-E664-21ED17FD2788,340FF380-BC7D-69C2-0873-6DE6F1C95AD0
20744,Edward Alvarado,Apdo.:762-6661 Erat. Avenida,Delilah Hatfield,412-8114 Lectus. C/,05/09/2015,4F89D0B9-967D-4818-32CA-1536D245777A,911D8EA6-6A4A-351A-31A8-E7879D1BE6E2,Bellevue,Rycroft,22,B25D3550-CED4-DEEA-EB7E-46609628E3D9,148DE674-994A-637A-E2C5-FC99B950B4C6,8A78D6F6-04FD-26D1-4F85-92D8CE53F6B0,F8F4A45D-3332-2E1C-1B22-229C2281A15A
89827,Ali Mccarthy,628-949 Dui. Av.,Debra Todd,"Apartado núm.: 815, 5894 Tincidunt Avda.",08/16/2013,1C9F76A4-3EF2-78AA-6D1C-DF679435CEE0,43F7D36A-E1A3-16A6-DF68-9C79D0FF33F4,Randazzo,Schiltigheim,23,A578C396-23CA-81F4-04AD-9897B7746B94,7815C0A2-B924-F98E-8FA7-2B87BF2F0977,C76D335D-EA3F-933D-1F0C-B848301254AB,08D5F13C-8237-52B0-B11C-A2F9B41F20EA
95557,Christian Hebert,2007 Cursus. Avda.,Cynthia Le,6432 Aptent Avenida,09/18/2014,8CD0E371-F288-7B55-5CCF-969A713CE02F,9B41009B-8D5E-1A3A-E1B5-F0A24B9B231E,Lasne,Gatineau,24,4FFFB2F7-2839-DC71-BA42-09844EF3A046,9D650023-CCF1-90A9-1CEB-2B251FC3E0AB,ECCA4171-5A12-9B79-977C-8AA85230F064,24E2EF0E-D30F-6F45-21B5-5E986AFAA11E
20814,Colton Tillman,488-5438 Sem Calle,Molly Sullivan,"Apartado núm.: 794, 8001 Vehicula Avenida",08/23/2015,1DEB82BB-C75A-145D-D005-6E211AE526B1,3305BAC1-29EB-DFC9-1AE2-55DE029E99C2,Ponoka,Obertshausen,25,F1121C05-435D-A876-DC4F-AD7169D4BC2A,2A97E1F7-C879-95CC-FBF8-283AE8454EAB,594F0E29-14AE-FF94-3D55-C9FDF98277E8,8AADA80B-F7C7-844C-D910-01201BBA9D65
53534,Chancellor Gould,"Apartado núm.: 948, 7547 Ridiculus C.",Nell Horton,Apdo.:143-7910 Elit Avda.,03/11/2015,77928B7A-DC29-2B8C-19B8-346E9BB3944B,C8B23C8B-E6CE-2BB8-CE5B-3C72996FF04F,Khanpur,Celle,26,A103A1B0-E756-538B-03A1-CA31D1C70186,83F31544-5099-AF91-F172-44622D9FD00F,F6F333C5-EC2F-7DCB-4CFC-CF184475C5F1,2E5D624D-4C6A-3DB0-B9F0-36180DD8EE51
38580,Brock Burch,"Apartado núm.: 248, 358 Congue. Ctra.",Brittany French,"Apartado núm.: 569, 1032 Ipsum C/",01/06/2014,1D023D24-54BF-DA23-12CC-4634D3A53EB4,D2741CA5-16F4-BEAA-F07A-7D8C0D397988,Pitt Meadows,Las Vegas,27,DA44EB50-4D46-B885-669C-2A9FB4998441,22C50C6F-F94D-64F5-3E37-12251968A327,0B1E2493-7AA3-9774-FFA9-46675256CB0E,CD643214-3269-573C-4E70-8289F66187F0
87713,Lev Higgins,"Apartado núm.: 911, 7900 Class Carretera",Ingrid Mccullough,"Apartado núm.: 595, 2889 Molestie Ctra.",10/02/2014,81E39D6C-03DB-7CCC-5A2C-F47FC589DF43,351B51B2-4E60-B202-7C9A-E98EE5C832F1,Itanagar,Montigny-lès-Metz,28,71A06940-3815-BF06-1B31-6D0145CA6EEC,254D6604-09BD-EC3C-81F5-BDA5DF86F2DD,9FC1ED5A-0A6E-969B-B8DE-E7EE19FC2C67,080ABB92-B434-2DB8-310B-9F1C06152096
47255,Joel Little,9209 Commodo Avenida,Petra Kim,240-5196 Neque Avda.,09/21/2013,3ECF0F94-066B-C475-064C-3C08E69AC82D,8E746103-8B02-AD49-46B9-680EC2C86C9B,Stargard Szczeciński,Koolkerke,29,89D4C63B-EEC9-B288-29DD-6712E2E90569,6135FDD2-F0F8-5739-1749-73109828287D,C45F1917-929B-EAD2-B85B-A0D31011EE02,F11C3271-3F74-9EE1-534B-4AA0B2B81F12
13106,Michael Kelly,"2010 Et, C.",Sloane English,6107 Sollicitudin ,02/27/2014,99DB871D-46FE-6068-4E6F-8469BF4D5090,109FBE42-6B4B-AD26-FF7B-E88B59664E15,Pitt Meadows,Zellik,30,E9D05CF0-DD18-9636-69DE-C8F0D38A835B,36B41794-8CC8-E608-5FE1-E7F6E00CF06C,23A14D74-F503-6D29-3112-EFD4D35C5F1A,F57D1A94-7FA8-8087-3B02-D818EF7BF6B8
36055,Fitzgerald Bowman,993-518 Egestas Calle,Heather Wolf,Apdo.:315-6012 Ac C/,01/10/2014,DAD75E14-AB66-BE7B-435C-824322F53264,D044172B-2942-CB38-237E-EB7548454799,Vanier,Coalhurst,31,09B13AEF-8177-8EE1-261F-A683435B5A38,5F312FBB-751C-9055-CC88-FEDC1F22FF62,CC459B3B-D94F-14D6-1812-9C2A76A23E28,C9113DD3-98AD-DCE4-C1AE-671A2C15B72C
1805,Tyler Joseph,"Apartado núm.: 134, 9357 Ante ",Sydnee Miles,"Apartado núm.: 415, 1349 Amet ",11/17/2013,4FE9BDE2-EBD1-6A73-1AF7-2BF6E394DC44,EF2FF330-9B04-5F78-892C-5CD535A7D129,Halanzy,Stornaway,32,65F9F94B-60E6-5704-F7BA-C1FDE7E94168,274B5141-8192-4D83-E5A1-B74D0C6D1D52,EFCDF758-622C-D52B-FD2E-283E329FF2FE,EF417D47-F2B7-F50A-5878-0AF939605935
96519,Ronan Horn,316-9274 Tincidunt ,Audrey Burton,Apdo.:585-6153 Fringilla Carretera,03/05/2013,1ABE46C1-DB88-8B1E-DF87-4FEE6A4E1B15,FB3E6BC0-91D2-D72B-E5E6-0E5F5333BDB7,Laval,Kharagpur,33,D7FCFFBE-215B-4240-6DF6-BD683D61BFF8,C1930E7B-37D1-9148-8A4D-F25CF1C5AB01,1E3D2675-598B-8C75-D451-0A88A62B46FF,75388FDC-7FBA-E0F7-282F-E6CD9A038E89
20516,Raymond Gamble,"Apartado núm.: 375, 7253 Eleifend Avda.",Chastity Cross,3385 Eu ,12/23/2013,CC4C05C6-611A-AF13-7E47-4EF09636F5D6,914A2C55-A7B3-0A6A-143A-9D5A5EDEF4B7,Laon,Wilmont,34,A489078D-5694-2E2A-8F62-842154BDC579,82BB2580-82CC-0F5B-A8C8-42E1212401B9,0BD356F6-2D52-F363-9B85-DCFF0C3AE7CE,D96B4FF4-519B-0984-0826-C2619E34BDCB
25669,Mason King,863-4732 Curae; Avda.,Charissa Manning,"Apartado núm.: 742, 1206 Fringilla Avda.",06/13/2015,10FC70E0-FCF1-16FE-6412-9796FD5D94E0,C45865BC-01FD-C729-34EE-2357C03BA905,New Quay,Stamford,35,ED38183D-3B59-DE3B-F64E-88F861AFB78D,7F3918EE-C1C2-1EB6-360C-B3C58DF7B099,06EA4E11-FA49-57D0-5F99-27BFC411C5A3,77BB60FF-38C8-C996-216D-B60FADF15A0F
21,Bruno Chaney,"6784 Posuere, C/",Yoko Gill,"Apartado núm.: 899, 1214 Nisi Avenida",11/03/2013,B43634DE-7882-096F-4508-E09F3A39A9B9,3348BEAA-C0ED-F7B4-9B87-3B2BCFDC4627,Fredericton,Stargard Szczeciński,36,CF99D50F-2DDE-E733-3EEE-81E6FEC06A14,ACA7B8A0-D366-1555-2209-8EA8C8F3EA60,8F923E8F-3544-3A31-880A-9882A2A4941C,29403F3F-F0BB-3AD8-5487-663A0A2930F5
95285,Yardley Hughes,Apdo.:242-6568 Proin Ctra.,Whoopi Roach,"Apartado núm.: 163, 7585 Sit Ctra.",01/31/2015,E44667FB-50C6-F13B-08D9-13FC6EABC728,C4003E8F-2064-2F05-B54E-FE6B504D4146,Veldwezelt,Denver,37,FCB5E70F-DF8A-78D4-6A96-3ED1919FC47F,F35A1C3C-DD76-2BCC-A060-7A73860CF6A1,2F9C84E8-1600-2914-1366-43FAC2AE9568,7BB90B16-4E2C-93E4-E246-8CE6553D7B4D
48201,Bevis Stone,Apdo.:143-4015 Nunc Avda.,Naomi Clements,Apdo.:619-6614 Justo. C/,12/12/2013,DC31286F-5B62-D8FA-653F-F5DB0061D1BA,23338DAF-A476-8D94-513E-E988C5F9EE4C,Moncton,Orange,38,43D578B6-4175-41EB-18F3-E1C0FCB74379,950B5BC6-9969-AE73-2C5E-F32FF6551841,D601AA70-BC9B-B111-8D0A-AD3745067BEF,70AC6EC5-B404-DA2A-06DC-051C208CD492
81712,Gannon Molina,222-3582 Libero. Calle,Vielka Mayo,"Apdo.:767-8618 Facilisis, Av.",05/20/2015,463547C5-7A72-66A9-EF38-D900399ECCD3,C1E79527-701E-C58F-9E00-2D86544316CF,Temploux,Arquata del Tronto,39,684E6AF2-E0AE-6838-ACBA-FDE29654B443,F54AB0CC-3DC8-E51E-F2A9-320BC4BF70D8,80070F86-850A-525B-6021-25E617AD1E9C,BADDC414-D2A8-2C94-EE24-E18B3DC9E8A0
94502,Gil Collier,301 Nisi Avenida,Charity Schmidt,Apdo.:861-3566 A Ctra.,04/25/2014,63F68024-04CC-ED53-34AD-FC435CCAA862,01330B73-8506-9D3B-A7E4-651A321450E5,San Pablo,Mazenzele,40,3036AD13-6AD5-D0B0-5392-E0855D99FD53,D09A3377-B5BC-4838-F2F8-1D192E85A6B6,721A6717-E39C-7F5B-5DA3-8E06D7FCECC0,50248CB5-05B1-FC40-DFDC-98BBE5620E30
83016,Brett Hardy,"Apartado núm.: 444, 3676 Lacus. Av.",Eliana Mcfarland,Apdo.:524-3312 Lacus. Av.,10/05/2014,BA752353-1883-0721-4E8D-994163F01454,5A67A85B-D7C1-F5D0-0175-4DA1ED95DDBD,Huizingen,Sambuca Pistoiese,41,18CEBFB5-C95F-D34F-EC3A-6BB8AF168FB9,2FA63946-CA4A-1CC3-724B-8CD339DE0540,ABEA8E1A-ED6F-C6E7-1B8E-691A78824511,E46A5C4D-27D0-2D02-A194-A90CDDB15F15
52912,Emerson Klein,163-1802 Eu C/,Ina William,"Apartado núm.: 504, 9666 Elit, Av.",12/23/2014,78E28172-651E-1D68-621B-15D13773DBAE,543EEC0B-E54F-277A-486B-E5275B92FE17,Paulatuk,Silvassa,42,01989873-BCB7-0DB3-1FB2-AF06523D49F5,F58C83C5-AE86-C5D8-6BFC-B13310CCCC30,28E94604-3793-1ACC-F2FC-0882ECB02F80,3D5BA62F-AF05-187F-7825-DD29412094A0
79786,Rooney Huber,Apdo.:931-5163 Ipsum. ,Dominique Clay,"Apartado núm.: 385, 2100 In C/",06/19/2013,6533CDC8-5F93-8868-6232-0EEF2DB67499,61F88E62-4B54-A421-C2AE-E47A92B1BC70,Guben,Arviat,43,AA3D6152-9F0D-BCFA-7EBD-E135374CC395,3B4251EB-2042-45C0-E228-DAE3383A6433,0FF12BF8-37D6-F580-6372-8C861B7F4924,24D79117-BC4B-E0BE-A4A3-86DD74B039CB
31551,Ralph Daniels,5697 Bibendum. ,Rosalyn Nicholson,332-6634 Vitae C/,11/20/2014,D2F755C3-1394-B708-511B-62ACEDD75D0B,F6677C91-B555-E0A7-CB50-922C35DD51CD,Opwijk,M�nchengladbach,44,F34E8969-0533-8962-DBFC-E3532DF33281,18222419-E684-07B9-29DB-2BAFDC0B8F93,121D1D40-3313-B90F-B938-24D55E9C19BB,865612D0-357C-67A2-BBD2-94AB8AC640FF
23347,Colorado Lloyd,Apdo.:821-360 Lectus Carretera,Charissa Gutierrez,"Apdo.:970-6924 Quam, Calle",06/28/2013,668B0682-41D8-08D0-DF33-E8541BA2834A,9C862448-ECAC-0481-B2D3-7684ED31435A,Tumbler Ridge,Kassel,45,6CB00C74-598F-47EE-61DE-E0FD73B07181,377E9531-47FD-6EA6-D2D0-9AC5E7FD8ABD,99677E6D-F06D-6A42-A76A-451A49E2E996,8F5C3302-5C3D-8DB0-4931-5709089422D7
59644,Addison Atkinson,"6772 Vulputate, Calle",Faith Ferrell,"Apartado núm.: 136, 7739 Mi Avda.",07/22/2014,61D69F82-7D4D-AD1C-013E-8053DA89589C,6AD2845C-AB27-9A5C-E927-78A343160289,Biloxi,Halifax,46,7FBA59C0-C990-90F2-0E7D-506C352CDBFD,97EC23FE-A726-E71B-A182-541849D53692,B8691E0F-BD64-744F-A7D9-395A9414D36E,130FC8B1-CE3B-C508-F128-E3C261BECB63
48238,Warren Byers,2289 Consequat C/,Lacy Bonner,252-5286 Sem. Avenida,11/26/2013,1BF25B96-1796-5D0F-7965-4416849BFA6D,30208832-CB26-ABFF-9059-E064CA12DD0B,Caledon,Caramanico Terme,47,0AFF1127-A72A-E7AF-FBFC-BA96B7C7EE4B,3CD83A9A-EB72-33E3-36DC-E5202419863A,EB1414F4-72E2-7471-D445-0E1CC28CA151,8C91549C-4291-2E8C-3784-E152B31AB573
76805,Byron Mejia,492-1791 Eget Avenida,Caryn Burks,8374 Luctus Av.,07/18/2013,725D05A2-1A2D-F170-C774-EF8291F34057,9266DCB0-E9D2-3D4A-1E81-D21F7C18E766,Maransart,Broken Arrow,48,12D09C1F-0098-822B-B7F9-D5727F9F510B,E58701AD-1DDD-8523-606B-163F5EE147A2,B2039470-7964-1617-E6BF-514426321156,0F83456C-021C-A60A-7D95-5163959871FA
57787,Craig Murray,958-2664 Augue Av.,Jeanette Sweet,"Apartado núm.: 420, 6953 Dui, Avenida",08/28/2014,29FC3795-9E77-9108-F460-CB863BEC35AC,6D95250D-C496-5CD3-46EE-769006F65DF7,Fort McPherson,Maracalagonis,49,F950C874-AB8D-6373-5E85-B795965A2993,8E29C28C-982E-F76E-A24E-A2BFE3B33226,497B8007-969C-4968-5A6D-06B807B9DE0C,D99F5AE5-AB52-4F70-3918-CD789D1F3B80
46087,Kadeem Cantu,"6940 Est, C/",Aurora Wyatt,435-959 Ornare Calle,10/13/2014,E26C208F-259F-9438-E36C-133385C99A05,565F40E7-1181-89F7-5437-A0E246666A99,Wood Buffalo,Tarzo,50,A708FBDD-D730-5E20-674C-0B432530CA28,3B82B685-6032-2D5E-F2FB-FD226EC010EB,B4302F7C-700B-739A-322D-ABF6F2EA81B3,E4DD365C-CB1A-BA09-6B3E-01026CEBB5D0
90293,Reece Mccormick,"Apartado núm.: 312, 4381 Sed Calle",Hannah Bush,Apdo.:528-9549 Lacus. Av.,06/10/2015,3102E5EB-A531-5EEF-C016-F812C616DBC3,EA9F7FCD-EA08-3017-92AC-A05598F2AA3C,Newbury,Sherbrooke,51,271D80F6-B069-7262-CB45-516E15EEE31D,7416D936-D593-CCE9-1CD9-3ED5A6623469,716D8775-95F0-64CA-8A51-70DCC7D56B14,0E63F43E-99E2-2EA0-6396-083007CF9ED7
16117,Baker Murray,298-4937 At Av.,Sybill Mann,469-1809 Vitae Av.,06/05/2014,1063E528-7342-4D28-400B-471ECB15ADEF,E2B3FAB8-A270-647F-DFCA-2F8DC72C62F3,Mantova,Saint-Pierre,52,4C8B81CC-6F0B-0203-8D4E-CE0AC8B183CE,77A20F70-7B7D-597D-1B02-49BD0AA4FCBA,95542379-03FC-7985-ED8B-0173D0612C8D,96FAE9DE-D12A-17B4-B282-E5B8C8498DCD
32576,Todd Winters,Apdo.:992-7983 Tellus Avenida,Ursa Webb,235-7116 Dis Avenida,06/14/2013,ED9D3711-F025-30F7-3575-C66EF2B3874D,7DCC6754-799B-2E91-FA56-A38BDAA536A3,Buzenol,Assiniboia,53,D56152BB-862E-9D4D-529D-7035A8E95C98,764AD5A6-BE3B-933D-E30C-4C889347366E,CC67A2EB-4D9A-9DA1-C67C-6975A7F43B51,915EC06A-0B6A-2B8A-AD57-4797D28332DF
98497,Declan Burks,"Apartado núm.: 118, 5398 Pede, C/",Justina Jimenez,693 Mollis Avda.,08/22/2015,E4BFAA3B-6DC6-09CA-97B5-4DC81027CC83,D75D6348-219F-369D-5B74-3FB89D600EC8,Ancaster Town,Mazzano Romano,54,07B8EB81-6A80-36CC-E712-BD8E0591DD8B,DA8D5D16-D0D2-EA12-4B42-DD5DCA5049E4,DF54070D-5831-C259-A7CA-618A830D34CA,4CF6B520-7972-0979-A205-4A577AA673F7
32732,Rudyard Baker,199-708 Bibendum C.,Hedy Ayala,"Apartado núm.: 162, 249 Purus. Ctra.",05/06/2015,E31E37EB-6B08-683D-9AE2-AA430FD9D277,8F74BAE0-60A4-162F-72AB-2D8DEBB4DA75,Annapolis,Vorst,55,4FEF1D00-B1C4-EE95-75B4-9A7DBEC4E39B,9F30EC21-31C9-CD9B-9657-F33826F40FB5,9D078A8A-D7EB-729D-E0FF-FB40458F1E38,548DFF72-79A8-D552-F1D2-0948F18CBF8D
9330,Kaseem Daugherty,386-8576 Sed C.,Ursa Odom,4207 Est ,03/08/2013,68998FF5-50E3-57B4-A583-74AD16F61BAC,6574E02E-8910-A47B-3F1F-5E889F2B7FB3,Blehen,Tiruchirapalli,56,B22E9E0F-09B6-13CD-6F1D-65573996E969,742BBF2A-D4A7-6D6E-40D4-7F7E0498BC8D,2ED5DF25-8A8E-9CC0-5629-24A21B9C5326,92CB122A-7FCD-9E34-3168-A2C4E8745E78
80270,Travis Bryan,Apdo.:806-5760 Lobortis Av.,Carly Wiley,579-3345 Elit Ctra.,12/26/2014,C8AE3DD0-0B06-D21B-5614-3937A298E1C6,D48C71D9-627C-6875-1265-A89E858B31D5,Alma,Quispamsis,57,12D00457-85AC-F66C-B8A7-173B151E4633,9307B23B-F3D0-B6F0-CA9B-A909EEB8D371,6A94A256-A030-350C-E9A8-0773A65EC816,3534F001-20B5-83D1-60CB-5CCDDFF2125D
10926,Solomon Berry,Apdo.:139-3130 Ornare. Carretera,Savannah Sampson,"Apartado núm.: 259, 3393 Adipiscing Avenida",07/28/2013,CD1874C4-6B06-AB9B-F69C-DDF3417C875E,D28970D9-A8B2-AEC7-5C25-A33006857D9A,Lincoln,Fraser-Fort George,58,6392384C-8388-3822-AFBF-C5849A3C39CD,16057F69-B58A-79A3-9C3C-7206003CF22F,A30D32EE-A0A2-FAE1-2474-EBBA6ADB6A2B,33D077EE-A0FC-BC0A-1088-4A6A7EED1690
34955,Benjamin Taylor,"Apartado núm.: 573, 4439 Neque Carretera",Amelia Baker,Apdo.:846-3599 Sed Ctra.,08/15/2013,47713EA0-6FC4-1E44-2734-9DC55FED1C06,8AD06375-561A-9B5E-FF0A-B20E1468F760,Groot-Bijgaarden,Evansville,59,AD5B843C-1037-028E-E035-F5CCAEF3C40C,5489C695-0B9B-DCF7-7A62-D975DA99D5B2,976AB852-0043-F47E-0938-7E277AF302F0,BDBFCEC3-9F2B-CF0A-C869-1B011CA4B687
6551,Orlando Chandler,"Apartado núm.: 866, 8163 Vitae ",Gail Lane,3530 Euismod Avda.,12/03/2014,E9C9E689-E555-FC30-1D47-69E7258BFBEB,71BD1D46-A6DE-881F-3B25-465D26DDB9A0,Saint-Honor�,Ambala,60,4B3FDD59-55B4-082E-FB9D-E5F44A612C93,66996884-F9B4-6096-07D8-5ABA948657F3,DE8F9FA0-69D0-054D-19CD-676063D3BCBB,91EF3FF8-571C-309A-47FC-CF5049292295
56670,Aristotle Zimmerman,Apdo.:753-3329 Dolor. C/,Justina Cortez,319-4193 Egestas C/,09/10/2013,37BDC9BA-2CB7-3B2B-1B6D-64E18E17D5C0,3C24996B-41F6-8E00-8443-25D790F4793E,Charny,Cambrai,61,A4EC8BF1-6723-16F5-6335-2DD011451D6E,7AF4A2B4-18BB-DD67-E0A0-8099DA796546,C8D3F794-27FA-7582-D5C4-EFF2F9D61064,3F5B4BE4-CA36-5C5A-AACF-33ADF15F2BC4
52501,Laith Atkinson,469-2304 Pellentesque Carretera,Briar Griffith,"1580 A, Avda.",11/11/2013,14D7969C-D56F-9B1F-563B-2B08FEE3B4EA,34142EFB-362E-41F1-0CC3-92522C8D5C83,Darion,Cap-Rouge,62,4C1A4590-437F-5A56-F45C-EA594E8AFFCD,8F466CA8-C0E9-8732-6BF5-8143CE213364,CF629156-C416-EE39-0DEB-831B33CF1022,BEE199F5-D39C-BB2A-00B4-DB78B1CC390E
12081,Quentin Dale,"807-7331 A, Av.",Candace Jackson,8128 Odio Av.,08/16/2013,648C7296-F528-5FA3-1706-9D5BE5E40E97,B0523718-0732-819A-88F6-3640FCB73B93,Fortaleza,Brussel X-Luchthaven Remailing,63,B20B4086-4936-3295-DF3F-99BCA4CEB80D,30EE5C2E-E0DC-3F81-5274-E7AEAAE64D58,07CF9F47-AAF5-2B16-4FCB-3E3691130A92,F626000A-B62F-896E-BA4A-5F365F49B35F
88191,Maxwell Rush,9794 Eu Carretera,Alexis Peck,"Apartado núm.: 843, 9462 Pellentesque Ctra.",08/23/2014,ECFCFA0A-76CE-6EC7-3FB9-971ABFD0455A,656F3C48-7511-689D-D1B4-36CED3BA76A5,Crewe,Bangor,64,B4F3B18B-5CB9-92EE-1FBB-E84D43D5DDEF,D567FB0D-531E-04A7-033D-2020803AF204,71DBD3A7-6A9E-EBDD-5917-95DF0185E05C,0154390B-4DA6-C90C-0694-905EDA12F19E
45818,Tucker Little,6681 Vel Calle,Iona Oconnor,4280 Nonummy ,03/03/2015,03C21182-DE06-A206-2A0F-26F446676434,C9A3F8FD-60BA-4481-0092-E1CC9FBAB596,Tamworth,Trochu,65,B813134F-C99B-9C8B-034C-B6E79676F84A,5B9FC08D-C6C5-5ED9-3A02-6928B99D553F,C65A421D-0292-3AF8-1979-59C67A0162AF,328967E5-64C9-5786-E880-AEC61E68BAC6
10870,Charles Bennett,631-6418 Quis Av.,Evelyn Pierce,"Apartado núm.: 781, 3637 Elit Av.",11/07/2013,A4B716E2-DC0E-FB3D-AF10-6CF17B780E6C,730A10A3-AF1A-7F38-0E68-34A3BD510D27,Bonavista,Surendranagar,66,7A9694D7-43C8-7DA3-46DC-5FFDF22DEF1D,E8A8E25D-34B2-4097-C678-D9D7F670287E,E22B2478-B77F-17F5-F3B0-C47973300A8F,830C9B4F-8C67-D573-0D3A-46DA18205CB4
88484,Burke Burton,"Apdo.:650-1168 Est, C.",Leslie Mcfarland,Apdo.:864-3554 Et Calle,12/09/2013,11708DA9-2B32-1D9F-26E8-204B9CA6D6DD,7A23F000-5AEC-794E-F51B-9B12D19BDA32,Kapfenberg,Ururi,67,A5D3CF3B-0FA0-3123-EF17-07C48C19B195,5C5AD386-6220-3043-9213-BDDD10D7185A,0940A30F-B173-1753-94B8-2DE09CE67D5D,B91D4625-CC33-7E8A-7685-30A3E3274C9A
54964,Baker Berg,"Apdo.:330-7265 Lorem, Avenida",Amethyst Glover,"1546 Eu, Calle",03/18/2013,DB7176A5-4D0D-8F62-33C2-7BD3E00478CF,E02AF440-789E-D607-252D-E84B0887D7A2,Kelkheim,Laakirchen,68,B3938BC6-3F53-A945-40F5-744945B4F4CB,A3291913-57E4-644F-64AB-98875BD1DACA,855471FD-832E-3A07-73E9-E1B89A11A829,B45E3887-58F8-BD37-6758-C9CCF36247C7
16225,Oscar Tran,"Apartado núm.: 552, 1682 Ipsum Av.",Sandra Padilla,119-3544 Tristique Avda.,07/09/2014,B798BA4B-85B6-B474-EA76-E5626B70918E,79ED2186-BC75-0A48-8537-B208B2CD12C6,Toernich,Montignies-Saint-Christophe,69,62AA24D0-A835-57A2-0464-14BF0E3D4229,50A18FA3-2866-11CB-E93B-A7AFF827FBB4,DBB1EEEB-FFC7-3E66-F60F-8F688714D58B,C4010AA0-3E9A-C7A8-71FB-631D45C470C1
30375,Simon Drake,325-2836 Nonummy C/,Kiara Mcneil,"Apartado núm.: 782, 6120 Dui Carretera",08/08/2015,9E83D19C-AE9C-55EF-7C89-AC22D70C23B7,D521C5AD-6824-6A5F-1CB6-4C9FCBB5D26C,Picture Butte,Portigliola,70,A62B50FB-EA9A-2E04-A382-4EB720857B67,3082C434-97E8-D754-3A89-C94FC84101BB,54C1D369-7899-83AA-7414-B289144B918B,C387CF1F-6DF4-5844-06F9-65252B4A243D
53124,Lamar Wolf,"Apartado núm.: 164, 6676 Pede. Avda.",Xaviera Hall,334-7327 Blandit Ctra.,08/17/2014,6D5E5507-9246-C85D-1F73-1DAE3B875007,A3BAD759-FE00-30B9-3A61-FCE3B8036DE9,Molenbeersel,Shawville,71,2E1F5260-4F77-A9C3-34AD-C7AADCCA565D,9FAA4D8E-63AE-2A90-C0B4-629438578EBF,646E3DBA-2418-2CA8-F412-0FFDCAABB2AB,48C8E64A-1778-2935-1412-DDDBBA205C28
32302,Harding Nielsen,"Apartado núm.: 271, 6658 Nullam C/",Ima Valdez,866-5705 Orci. Carretera,04/30/2013,D604CC1A-4D7F-2699-11FA-C20C4008F350,4154977A-B32E-DCCD-F015-5FE17FF915B2,Rivi�re-du-Loup,Drayton Valley,72,A354F87F-3FA8-D82C-7B59-E470326779AC,2AB6CF1A-E34F-CBBC-AFB9-8649FABDA275,62F44625-1033-7E73-7DE3-11F5567BB7B4,1510EA49-8E2A-DF50-1C8D-A3ACA3704415
85937,Avram Johns,Apdo.:772-9938 Dolor Calle,Kalia Chase,Apdo.:866-7062 Varius. Av.,05/07/2014,49DCBE49-2543-0420-F531-DB9095958AF9,B19F861A-0AAA-98D3-2B54-4C1583626E1B,Hay River,Meix-le-Tige,73,3A19CEDF-77F2-893B-CF70-D2821A56179A,0BDDF64C-CA5B-D09B-0F02-91F110C498D9,B7CA8880-312C-5AE1-7826-5B269FB7B8C5,1875F423-F115-0D71-92FA-EF1E7AA11FCE
86358,Kibo Cleveland,540-5028 Tempor C/,Dahlia Campbell,3538 Mi C.,10/04/2013,928FDAD7-262C-8746-1CDC-FC08C626F7D9,B2C50888-30CE-20DB-93B6-7B4DF6D07D79,Fortune,Fort Saskatchewan,74,FAAB78A7-23B4-63CE-3E45-939EDA130129,DD103176-A5DD-C61B-10D9-4F7B0C0DCCD0,AA9B8F22-446C-EC35-4251-7B9B61D8FAD3,52EE9BE0-B0F7-9D69-A00E-B3F0967A0447
16870,Stewart Gould,"Apartado núm.: 792, 4231 Odio C.",Nicole Pugh,372-8857 Sed Avenida,06/09/2013,E7DD65FB-1DC7-1820-9019-9941BD821DD8,E713B1EE-E220-9584-708F-A6E5D8A92A75,Mobile,Verdun,75,6AF78385-637E-EE38-90FF-E08D9B63DFAA,FABDF21E-E53A-49BB-A0F7-80CA2BB149CC,478161F5-6BFF-D2AD-8F0A-4DF9F24E6C7A,B07DF9A7-FE90-3A12-38A6-1DF3D9CC84FE
55417,Steel Spencer,"Apartado núm.: 336, 1968 Mollis. Carretera",Candice Vaughan,876-2908 Interdum Carretera,05/12/2015,EFBA09D9-792C-1B3C-6ADB-D0FB64C05BFA,37DBBD7B-9201-D49E-9355-F5C41D5A7E82,Pincher Creek,Neder-Over-Heembeek,76,019B7051-956C-94B9-198A-9DD890219949,5BB8CF1B-7DE7-2664-CB22-0E529CDB69EE,458B1223-EDA3-CAF4-A0DC-52AE11320CD2,2A327EAF-4A2B-5309-7C3C-20655A35BE98
47145,George Browning,"113-2852 Vel, C/",Phyllis Graham,Apdo.:136-5336 Porttitor Avda.,01/07/2014,F50FABFE-B82D-FC6C-FB18-58E0C4A1A326,95B45517-0926-D3E2-D241-9135C37765FE,Blankenfelde-Mahlow,Camborne,77,45CE8926-C8B8-16A3-3A31-58E5E93995B8,A6E34F4C-6ADA-44F6-B5FC-81E02EEBACA3,38F82CE3-F315-0836-E053-50255C14C402,4FE097F5-334A-7510-9A71-64D9DA6C7E59
91322,Amal Larsen,2154 Nisl. C.,Ora Stone,712-4387 Odio Avenida,04/27/2015,A587A3B0-D101-51BA-695A-32F06B4E3A44,5686521F-4010-7BF3-F901-115E5DF2B1CE,Hertsberge,Bella,78,3900DAFC-E3BA-E3CB-514F-58D479816697,62A6AAD1-7924-DAF7-3EFB-12199A3842CA,9A81CB1B-12D7-2F4F-EAA1-964F760FF5A4,E795BCF6-BA81-B8C7-4CAF-9B309931C584
71182,Martin Stanley,"Apartado núm.: 161, 7975 Libero. Avenida",Kitra Fuller,8517 Eget Calle,10/08/2014,32946016-A8D9-C7CA-0BDA-FA63D4A847ED,E5AB7AF2-D733-7727-0C6A-5544DA2D3F82,Uberlândia,Market Drayton,79,618CDF0F-D85B-A202-1CB9-C449D89AA2C6,EED22FC9-9EE9-19DB-3AA9-DED0DB2CB650,6EFC72E2-B2BF-01DD-18B1-1883BC73F392,6BFC248A-EDCD-DDBB-C206-FEC2FB76C031
19944,Elmo Stuart,783-2227 Magna C.,Uma White,"Apartado núm.: 643, 8267 Ridiculus ",05/24/2013,FA9602A6-D1D1-D6FE-86BC-C30807352BA5,365265C0-D233-A47F-4FCA-B44F8EA235FA,Wodonga,Crecchio,80,69FAADE9-2F1F-AA6B-BF76-9F1C71D5599E,A0814FE0-59BA-E3CD-03B1-89260C2F78D9,E230F528-56B9-4EDD-6580-F2CAA101B9F6,4A7DB3BE-B790-1813-BB97-07B5FF10C928
90079,Perry Hale,4484 Faucibus Avenida,Adena Glass,Apdo.:519-2954 Eget Carretera,08/10/2014,401F6FD1-6D4D-707F-F70C-373108BDFBCB,3C7A322B-8693-DF26-0F6F-5B081F32C379,Tuktoyaktuk,Cisterna di Latina,81,635E30A5-CD6E-E2AF-CBDC-EE49E19CEC3E,88DF31A4-2114-1972-3870-30059371DF62,9B0A3FA7-6A9E-336E-B6D0-704CABFCC9A8,5FB754B1-DBB8-4CF3-BE4E-5B85A742E160
74,Jonas Sims,6117 Cras Carretera,Darryl Mcdaniel,9224 Euismod ,10/14/2014,D1D028A7-1C3E-3E8D-AE0C-AB527BCF9B28,C093A81F-511B-9DD4-58C1-AD64683E0EAB,Antwerpen,St. Andrews,82,6E9EDA6D-0832-5CBF-C54A-7288236EDEC6,52C19BDE-FEF1-1830-03B9-86240194D82D,40956CFD-F699-7BD4-3CD5-F87A05DB8E1C,B016D3D4-D903-6C9A-9D40-20491EFCC96E
18344,Alfonso Murphy,Apdo.:883-8423 Auctor. C.,Blair Bradford,5568 Cursus C/,07/21/2015,A30A63EB-83BF-C438-A013-4E42F30014EE,FB61EE0E-FE58-6E26-0A84-A5673E1FC9CC,Carson City,Gateshead,83,169DC757-90F2-3A49-4D6C-4A47747900B0,BF321FB1-D522-67AC-CE19-6EE83F25834A,32FA5DC0-3515-1E0E-5DC3-6DA96DDC3E1C,0D07FB3A-0D00-8463-F66A-9AF29AA54578
17159,Avram Bishop,"Apartado núm.: 917, 5962 Non Ctra.",Eleanor Hopkins,Apdo.:855-2567 Dictum Av.,07/25/2014,6EC1B930-AF2C-B9C0-38EF-90B6A6F8D64D,5E3172F6-49DB-C9E4-B142-3DE8A7168C44,Roux-Miroir,Sunshine Coast Regional District,84,E477C659-BA44-D7D9-62A7-DC38756E0830,969330C8-6CE2-03AC-7F8A-FE41B57C1CA2,373283E6-8817-73F4-1BC1-FC8B94CE09C9,BAEA02B8-D525-60F6-D003-E58A27591C09
23844,Lionel Valentine,406-7467 Nibh Calle,Jada Moon,"6228 Ornare, Ctra.",11/28/2013,DCC85DDA-3D1C-2CBA-6A5C-0167E540D41A,3331F26E-783F-2FA7-5FFD-93B06E9962CC,Boston,Rapagnano,85,5A0B97D6-666E-1289-08C5-209268F95A9A,E659BC84-C00A-5DD9-F6B7-3CC96B970A83,8D2EE6A2-AFD0-DC97-3FC6-9CD6FCD787C0,8B3D6111-5DCA-8AF8-E56C-0F15C31ED13C
97101,Lev Casey,5117 Nunc Av.,Avye Marks,"8103 In, Calle",06/28/2013,53B9B232-DADA-96C3-48FC-AD82CDE2D6DB,5CB165DB-23F7-E03E-A11D-01D5C0272A79,Uitbergen,Richmond,86,C262AE9D-A2E3-F3A0-E317-2FAE150E1C90,4AF35A7A-C58F-4F27-4A85-37974517B0E9,B6833CB3-DD10-CF61-0DC9-1DBFE117F986,5883F6F2-817A-B403-805F-1DBA4F99344F
32557,Patrick Stout,Apdo.:852-9307 Sit Ctra.,Josephine Cantrell,"Apartado núm.: 625, 9833 Pede Avda.",01/14/2015,00384DE3-D167-EE42-F5ED-086033DB231E,F6C9ACBD-4ED6-606D-E4C4-76A7AAC3589E,Missoula,Picture Butte,87,339819A5-8B18-93FD-ED7C-473A16BCBA74,F51A442A-9D03-9C14-0FAC-B8A9A8913F88,1445109F-536B-4660-40C2-204F6417B6CE,3EE37E5F-E953-E531-1053-4AC1922E2BF9
31238,Brody Griffith,"899-1025 Ut, Carretera",Venus Holder,4223 Etiam C.,04/11/2014,7A21ED0B-2242-E9DE-96CF-A8AF957B1B03,D635748F-27C6-AC4F-CA65-68D3D25BCD32,Norfolk County,Montemignaio,88,18889B2C-F44A-E9F3-EE8D-EEFD19557C5E,3D702CFC-3768-F421-27F0-CBD7A55300EF,378D56D3-DA80-848F-666E-E51261D2D08A,8CE55150-9279-4A73-3E58-89BA0FAE8F4C
64579,Julian Knowles,977-4121 Nulla C.,Alea Kirk,180-7160 Nonummy C/,03/06/2015,5D37A38B-881E-F08E-48B1-D9794D05383B,219E7C65-1B3A-C76B-3FFB-95C9441D8B6B,Solingen,Firenze,89,2F408DE2-700F-7D8C-158E-D613BEBCF213,C505F8BA-0F73-2209-C49A-52799A6479D0,30D802C0-02D4-AE10-5E23-08ED0F5D0ED9,AEFE5654-379F-4CE7-928E-E882C7C1F735
1200,Forrest Conrad,2834 In Avenida,Katell Harvey,Apdo.:419-4588 Nisl Ctra.,07/22/2013,60CF0BC3-FD2B-4E31-2FD6-1BE54B471C2A,AF492FDC-BE15-33C9-85F7-140D62BF7703,Belgaum,Coaldale,90,9B7B838F-9D4B-01A9-9A20-3CC02A6CCCF6,5BA46680-1EC0-4FA1-8F80-9422CFDF8E77,BFD396EE-B2A9-AC91-5E64-289EF1CB51D6,9DB5FEC4-F28C-B563-F4BB-3909011DA0EF
54261,Magee Walsh,998-4314 Amet C.,Sage Peck,529-1455 Nunc Av.,08/03/2015,F62296E1-2C27-F21A-7673-59D1966CE82F,2A608FAE-6AD0-29E5-E790-DD36CA84DD73,Bonnert,Sète,91,B2D2DE09-420D-8D43-EC1A-3B9B1B28ADEF,754E52BC-94F8-F738-B9A9-B2B88AD0ABDC,1F726750-93C3-FF85-2801-3A40856ABA49,A2482A87-52F7-44AA-9016-0179AA4E9E9C
6224,Owen Lee,2952 Vitae Ctra.,April Campbell,"Apdo.:758-2168 Id, Av.",06/10/2014,CDECAFE7-B9FA-430A-375F-30D491ECF85B,A7ECDEA3-2598-6D2D-89FF-9FCCC64815E4,Richmond,Melle,92,36D23EBA-380B-A9FA-8265-22C1DAC8565B,07CC51FF-1F75-A2E4-298E-022B434C385E,7ED207A0-5E4D-0158-7012-1522F650B57C,6D5FAEE3-2032-2695-8992-07B6CFB2DDC7
49056,Jameson Bentley,"Apartado núm.: 983, 9368 Libero Ctra.",Amethyst Hyde,688-4777 Libero. C/,11/28/2013,80A4991A-1695-E8BC-1C2D-AA329CCEE7F7,850A7D13-A4F8-CEBA-A215-B3B7D65F0201,Gagliato,Tucson,93,3D4C2360-2E68-E355-F61F-A64BCEFE2F89,B6B55E6B-D8BA-7F72-F65D-C50F95D1FAFB,64AC926D-26FF-31B3-8C7A-31B4A9B2C5F1,314157D3-BCF5-8ACF-E42E-2348B29E93B5
42128,William Mcdonald,Apdo.:684-6186 Dolor. Calle,Sydnee Petersen,991-3757 Pede. Av.,02/22/2014,E542EAC9-F0B4-B24C-04F1-005F5506C8BC,033B460B-53D3-63B5-F342-6796D9E78257,Cropalati,St. Albert,94,57732DAE-4072-EB43-4642-105788F04E56,589CD0CE-C248-552F-9057-3F0D7D2F1789,068B7865-2810-E029-E5FB-003A78C8653A,512568B9-FBB5-5CEA-B36A-6E248ED74B14
86492,Leroy Simmons,8958 Ipsum Av.,Ima Huber,8205 Dictum Calle,08/31/2013,DDCF32C5-109B-6F7F-DE71-0D19048E2F4B,ED50FA9C-BBBA-885F-B4ED-FD7AB29A4FB2,Flint,Menai Bridge,95,79D944EF-51DD-B0C9-77C2-A373B27A49E0,57B77D09-FA96-E8C5-674E-A51E2CBF4DBD,B0A7D40C-3742-B3B2-3E7C-C3588493D6C4,61D65618-E23B-636D-1CEF-4015D44DE5F3
52179,Akeem Erickson,"Apartado núm.: 760, 2696 Dui Ctra.",Aubrey Ochoa,9256 Nec Carretera,11/14/2013,F27AD98F-918E-BB07-D5AD-D9E9BACB9DB1,53D04EA2-0BA6-D8B9-97C9-8676944DF3D0,Houffalize,Amqui,96,B871AB59-4DFD-1AE4-EF16-A913ED67EBC3,6BC6078E-C70B-BFDF-A31C-83037B0E0CEE,15C2D183-1A75-3960-DD6C-66A38DEBEFDB,D1E3BC93-BDAC-54A6-E1E6-5B2F85D79C3E
15601,Dustin Best,"Apartado núm.: 527, 7474 Metus. Avda.",Quemby Barton,6607 Eu Av.,03/24/2013,C0E2A7BF-41A1-27EB-022E-0BDABB9BD428,E9F9B50E-EE69-8162-A328-2F07D2A45E36,Ballarat,Wazirabad,97,6C71C0D7-0D06-AB5C-6DAD-2FFF8999CC1D,DEA7E0D5-3F32-EA71-62F0-F54F52CCB435,563D5F6B-2E2E-C277-D61D-3E061D04FDA4,35F957BE-CD14-2098-9066-41E82FF8456F
26064,Cairo Lowe,"Apartado núm.: 552, 2592 Dolor. Avenida",Justina Delacruz,3828 Odio Av.,04/20/2014,59FC03F7-5391-8467-A647-DF74D07FCF78,6EBD19E7-6A4D-FDC6-5FB9-EFBF1E17F361,Iqaluit,Bernburg,98,49B5CFCF-0E64-95D4-AE96-FAFD37F0A19D,B5DBE24D-9F33-C08F-3C56-ADDD746E8F30,03EBF349-A3B1-C692-B3F4-38D686E561C8,9C4059BC-6733-A8D2-BA12-B9430DF62E30
60352,Erasmus Leon,"Apdo.:122-3698 Tellus, Ctra.",Neve Oliver,864-5990 Habitant Ctra.,01/20/2014,EF258F95-4DE3-6D24-4060-44D80275A224,1FE06377-8A6C-6F54-413B-0EDB6BAF9059,West Valley City,Landelies,99,356A96A9-F604-75E3-7B82-1365223CC137,76D193A2-319B-3527-FC44-7C7C4F6FD057,FCE2D551-F72F-14F1-F264-DA1EA4E96CEE,5AEDF869-9604-B318-FE02-2CE98FA877C8
73769,Zephania Barrera,490-8397 Ipsum Avda.,Inga Chapman,"Apartado núm.: 507, 913 Sit Calle",05/15/2014,7A609F83-A0A1-1085-891C-75E833CA7F9E,D8928946-21D4-2740-58A1-32A919A49A26,Rum,Ettelgem,100,25B4C56A-2C11-9525-2B6A-EF1E59BB6CFF,EE417E89-9A66-5FC5-28B7-85E01D89FA14,9161794A-57BC-C0C4-F35E-DA7992B05F64,2E18D341-8ACE-36D0-A07C-DB0D795BF8FF